ID	species	date	latitude	longitude	dayOfYear
231e3e48-8f91-446b-9930-54a9a614b963	PRIMULA MEADIA	1995.41643835616	32.932778	-97.481111	152
f847a438-d077-4669-b2af-f729cb0ccf07	PRIMULA MEADIA	1969.37808219178	39.565317	-87.894255	138
b247006c-8075-4f33-9b1d-5876282b3b13	PRIMULA MEADIA	1979.35342465753	39.106451	-88.803551	129
8d0a4739-a09f-4cfb-96c7-deb65a7d9f76	PRIMULA MEADIA	1850.85479452055	38.895962	-77.035813	312
2f90f259-47a8-4043-a2ad-7b42577e8631	PRIMULA MEADIA	1977.27397260274	37.84	-84.65	100
b8b9f2d7-2eaa-4f4c-9673-330179dab75f	PRIMULA MEADIA	1930.37534246575	42.682788	-89.018722	137
d11e44dd-30ff-4903-a1fe-574080b9d482	PRIMULA MEADIA	1965.35890410959	41.699078	-89.327333	131
8c6ccba4-cd25-4199-83e8-4de19ce0def4	PRIMULA MEADIA	1975.30136986301	36.351687	-91.931387	110
7444b8c1-7d09-4147-b010-ca9e06131b58	PRIMULA MEADIA	1968.28142076503	35.992844	-92.105046	103
e72f0b11-a39f-45e0-924f-bef4f0343624	PRIMULA MEADIA	1931.38904109589	35.844004	-83.940863	142
81cf8bef-3f07-48dc-b18f-4242704c6055	PRIMULA MEADIA	1965.26301369863	37.244777	-88.475041	96
028f9f3f-d186-4fad-be47-e09f7ebbf86e	PRIMULA MEADIA	1983.32876712329	39.385549	-77.734539	120
475d5a87-7b7f-4d61-b888-3c8e0b8b2f36	PRIMULA MEADIA	1947.40273972603	41.562335	-90.55481	147
c25d8e9a-e3d5-4178-9b09-69c67fb86d93	PRIMULA MEADIA	2015.78630136986	42.478973	-88.39688	287
f37f6cba-0a4a-4ddc-a132-7d3d101279be	PRIMULA MEADIA	1891.35342465753	39.742256	-92.472686	129
5008638c-4706-44dd-87a1-e88bbcdd7265	PRIMULA MEADIA	2012.24043715847	41.31118	-87.17068	88
7bb17974-ecf9-4272-99d1-fdf2f147fab1	PRIMULA MEADIA	1968.34426229508	39.4646	-76.573696	126
adea9122-470a-4f3f-8575-b599646c57f0	PRIMULA MEADIA	1993.51506849315	41.99954	-89.32186	188
af58a13b-af7b-48f6-8b86-8fb9c568e504	PRIMULA MEADIA	1908.3825136612	41.41575900000001	-82.829119	140
ecfbe3b6-c174-4541-bd31-5883ec84abb9	PRIMULA MEADIA	2005.34520547945	38.910278	-88.191389	126
215a1efb-8b5b-4a1c-b41d-8ca7c86c31be	PRIMULA MEADIA	1969.29589041096	35.084465	-92.219619	108
d3f1f89e-216f-453d-9c1b-de0d5471eeb0	PRIMULA MEADIA	1960.37704918033	41.887643	-91.335824	138
83927077-5c3f-4a62-90ee-c67774c08a1f	PRIMULA MEADIA	2011.30684931507	32.93231	-97.48058	112
e9e35710-0408-43c9-b80a-e3e0f940fc7e	PRIMULA MEADIA	1983.39726027397	37.757827	-93.420376	145
754c3f2b-f9b5-460a-a8ad-b46d0d310f23	PRIMULA MEADIA	1978.41917808219	43.438488	-92.382086	153
1133491c-5dec-4b75-961c-bc59088eb78c	PRIMULA MEADIA	2015.31780821918	37.516	-94.87596	116
006f010c-b3f9-4aeb-ba82-b61b85c22af2	PRIMULA MEADIA	2011.30684931507	32.9323	-97.4806	112
b8563f20-0fd7-497c-b7b4-49f52a652273	PRIMULA MEADIA	1995.41643835616	32.932778	-97.481111	152
47ff33c6-9950-499e-b747-5e1197945f10	PRIMULA MEADIA	1930.40821917808	41.576036	-91.082277	149
03a69d57-feb4-4193-8ad3-877f45b93904	PRIMULA MEADIA	1949.35890410959	41.563788	-90.558839	131
f8fb3396-385d-4fd2-9041-e2f675930065	PRIMULA MEADIA	2015.37808219178	37.6593	-94.85501	138
04d550f2-24da-404a-b1cf-a6db2b389fbb	PRIMULA MEADIA	1935.3397260274	39.0372222	-86.5630556	124
f44ee3d8-15fa-4ebb-acb0-1295f556edb8	PRIMULA MEADIA	1893.34246575342	38.993178	-77.062132	125
0c6df0ff-86c1-46d7-be7e-a2ac839941f8	PRIMULA MEADIA	1939.34520547945	35.945306	-83.970201	126
6a24ba2e-9730-4970-b4c5-5591493aaf6b	PRIMULA MEADIA	1914.36438356164	41.512333	-90.616432	133
333dcfb1-8cd3-45b3-8c9c-785479ba56f0	PRIMULA MEADIA	2018.30410958904	38.935417	-77.281183	111
85eb138f-4a29-4aff-8bb3-d166be72c49d	PRIMULA MEADIA	2005.37534246575	42.041667	-89.342222	137
22d28163-c1b2-413d-9277-e3033810d42c	PRIMULA MEADIA	2008.32786885246	38.94253	-89.09981	120
1e3c5547-90bf-4450-a903-1525fbbf5ade	PRIMULA MEADIA	1955.3397260274	41.562335	-90.55481	124
9248011b-7d1c-437f-9fce-2003af7b1c56	PRIMULA MEADIA	1983.32876712329	39.564198	-77.837077	120
c1340e85-0c7e-43d6-95af-1bf935c0cd8d	PRIMULA MEADIA	2000.41803278689	38.910349	-88.648265	153
2ea987fa-16ec-413f-ac97-49d0536c325c	PRIMULA MEADIA	1966.27123287671	33.158661	-86.251641	99
0eea6288-f59e-4bf4-9c05-8fa84b4fd576	PRIMULA MEADIA	2007.22465753425	30.6669833	-84.857	82
5dfbeed0-d149-4002-9d42-9924df2cb529	PRIMULA MEADIA	2015.37808219178	37.51431	-94.99304	138
fe8d70a0-5aaa-4e14-a84a-f6ac32356aa2	PRIMULA MEADIA	1946.33424657534	37.677464	-81.662949	122
68a6c7fa-766a-4982-888b-b6963ff735bc	PRIMULA MEADIA	1977.30410958904	39.07516	-76.91953	111
e4d5258d-ac73-43c4-b3c1-0b53d942b0fb	PRIMULA MEADIA	2010.3698630137	39.67944444444	-78.74861111111	135
c97c4564-8059-4c9c-a988-4db0ec03cf88	PRIMULA MEADIA	1982.32602739726	37.548977	-89.088753	119
4dd5c408-76b5-4c6d-bba2-e556098e8e34	PRIMULA MEADIA	1965.39452054795	41.615419	-87.559088	144
0d14894d-b804-45c5-8de2-6c9b64371fa9	PRIMULA MEADIA	1977.32328767123	39.383433	-90.5542	118
61b8ce01-a13c-4fd1-b5a4-980c3ece4dc8	PRIMULA MEADIA	1961.30684931507	35.782738	-93.795749	112
a2e9b937-cc2e-4c93-8bf2-e0cf458234f7	PRIMULA MEADIA	2003.36712328767	41.381667	-88.197778	134
2844d9e7-069d-4e30-9faf-3d9f5a3c513a	PRIMULA MEADIA	2008.38524590164	41.60583	-87.70243	141
40aa6e53-8d90-4992-bfd7-a61a5c26eb7e	PRIMULA MEADIA	1966.44383561644	42.41720000000001	-87.8116	162
841beded-7877-4be1-aaae-499ef5b21da1	PRIMULA MEADIA	1982.43287671233	42.745004	-92.434497	158
3d36d596-1d93-43d6-a040-cb0f0be60680	PRIMULA MEADIA	1979.40821917808	42.745004	-92.434497	149
f69aeb11-3efa-476e-b82f-0347b4c0a5b6	PRIMULA MEADIA	1981.27671232877	36.210047	-91.41343	101
d555a09f-49bf-45bf-9fc5-380d07cd5f65	PRIMULA MEADIA	1903.31232876712	39.652865	-78.762518	114
1801e977-b747-4fdb-9ae6-45085a3322b9	PRIMULA MEADIA	1968.30054644809	34.810076	-86.98137	110
f63c36eb-5596-41e8-bad7-3be9526e6f78	PRIMULA MEADIA	1879.31506849315	37.531439	-89.253418	115
e1c5e018-4dee-45c5-9656-b0c505115a6f	PRIMULA MEADIA	1897.35068493151	38.953902	-77.042731	128
851f08e0-406a-4549-8154-aa5d23f0cf1f	PRIMULA MEADIA	1935.3397260274	39.03727	-86.563052	124
ed123f1f-5908-461f-be51-8329dd57d5e9	PRIMULA MEADIA	1928.3606557377	41.709077	-90.720795	132
0e642d4c-85d5-4102-b94d-667cd413bb2d	PRIMULA MEADIA	1948.37704918033	42.847524	-92.455902	138
3ba56c38-f2c4-444d-a1c4-2ff8951b4b02	PRIMULA MEADIA	1891.35890410959	41.562335	-90.55481	131
6ca8a662-2fec-40e2-924b-4c6b299e9590	PRIMULA MEADIA	2001.27671232877	42.1291667	-89.2191667	101
a26e9c6e-eb83-4d9c-b39e-957068bbf879	PRIMULA MEADIA	1978.52602739726	43.438488	-92.382086	192
31a34ffb-2e10-4db3-ac9c-6f1b8210f27d	PRIMULA MEADIA	1969.33698630137	39.49879200000001	-77.767888	123
e953162f-604c-41e4-b73c-46b01f76b661	PRIMULA MEADIA	1998.23835616438	34.152778	-81.123889	87
a6d03505-f368-4b9b-a383-26c14840c92e	PRIMULA MEADIA	2009.22465753425	33.446611	-97.392583	82
7f906858-0080-4b07-9a9a-fe59663e9db0	PRIMULA MEADIA	1997.28767123288	34.008494	-88.56950500000002	105
7ea3adc4-270e-40bd-a033-80f0b64a2d39	PRIMULA MEADIA	1890.36438356164	41.562335	-90.55481	133
e31e248b-0bfd-4460-be01-1882c9c34a97	PRIMULA MEADIA	1966.44383561644	42.41720000000001	-87.8116	162
a476e128-08ef-4d85-939e-617967e14f16	PRIMULA MEADIA	1978.32876712329	35.799526	-91.658296	120
1554f235-7880-4a08-badd-f685a020de00	PRIMULA MEADIA	1969.28219178082	35.982562	-93.83352	103
5f129568-fff1-4212-bd54-8995dd862a81	PRIMULA MEADIA	1969.31232876712	34.090614	-84.739562	114
ec0843cc-239a-41b5-8821-99fa149e8145	PRIMULA MEADIA	1978.44931506849	42.745004	-92.434497	164
8518c36f-4505-46f1-b4a7-abd9da37254c	PRIMULA MEADIA	1983.41095890411	42.745004	-92.434497	150
23d31ab2-72cd-4b2b-9c61-23645d0f2669	PRIMULA MEADIA	1920.40983606557	41.817231	-91.672675	150
395f9f2d-45be-47c1-9edd-56cb604c34ba	PRIMULA MEADIA	1997.28219178082	33.92477	-88.85817400000002	103
4124dfd7-ad02-43d7-9ca0-d39b9a676b57	PRIMULA MEADIA	1978.30684931507	36.024076	-92.26088	112
8a821951-3ef7-459b-beb0-7f2d07116d39	PRIMULA MEADIA	1981.27671232877	36.210047	-91.41343	101
2cf807b9-4d12-4ce8-90fd-4b329c03a11b	PRIMULA MEADIA	1981.46849315068	39.66897	-78.24804	171
97eb3154-d38f-4bd0-b4d4-ccd991c06e35	PRIMULA MEADIA	1981.27671232877	36.210047	-91.41343	101
50027b9d-cc57-4017-b121-d56630d0f722	PRIMULA MEADIA	1928.3606557377	41.709077	-90.720795	132
8e130e96-e132-4e54-bbbd-3c5d251e292d	PRIMULA MEADIA	1983.32876712329	39.357715	-77.736412	120
92295209-3dff-4f0f-a9e0-37dd0c9f1c11	PRIMULA MEADIA	1931.40547945205	42.808758	-90.24972	148
ba06cc9c-5c90-451a-8f3a-9ba2dcc42111	PRIMULA MEADIA	1962.35890410959	41.690899	-87.922368	131
fb0afaa6-1d78-4cf4-956d-3426b7d6bf0e	PRIMULA MEADIA	2006.37260273973	41.38364	-88.19981	136
d6601c75-dd4e-44a8-9b7f-c5b9fa1ebeb2	PRIMULA MEADIA	2008.36612021858	40.66116	-89.1288	134
ace8b8bd-05a9-4efc-9936-5a32f053650b	PRIMULA MEADIA	1956.43442622951	43.014965	-88.943742	159
345820e7-6304-4c75-b2a3-e1791538c77f	PRIMULA MEADIA	1969.33698630137	37.471352	-88.549051	123
8fb07fc0-930c-4ffd-8251-8bf467f032c8	PRIMULA MEADIA	2014.34794520548	42.22232	-90.29739	127
44275cf8-9b0c-4c87-9eab-7f350be1235b	PRIMULA MEADIA	1983.32876712329	39.380706	-77.730988	120
dda04d3a-ee95-43f1-8211-648ffebbce1d	PRIMULA MEADIA	1947.3397260274	39.63325	-78.66135	124
991ebc34-4b14-4d4d-9a4e-5e5bceae9a9c	PRIMULA MEADIA	1975.33698630137	36.846	-89.087	123
f180f6cc-31ff-400a-a23a-deb9ef8f7f48	PRIMULA MEADIA	2015.37808219178	37.51431	-94.99304	138
1fe9538f-b850-4b99-9394-f993bed21458	PRIMULA MEADIA	2015.37808219178	37.65637	-94.85367	138
7c5f53ad-b133-4680-9481-14f7ee81a1d3	PRIMULA MEADIA	1948.37704918033	42.840394	-92.455943	138
31507a4f-cffc-420e-b4c4-cef967d7b187	PRIMULA MEADIA	1888.37158469945	41.562335	-90.55481	136
5395982d-b1c1-4e8f-bbe4-06e87a8c85a3	PRIMULA MEADIA	1961.40273972603	41.650176	-87.588074	147
5247794d-ed6e-4c59-b607-1c9e51ec1bea	PRIMULA MEADIA	1927.27123287671	36.101189	-93.99131	99
294f73be-47c9-4986-8449-d28a1eccf91e	PRIMULA MEADIA	1943.36164383562	39.125600000000006	-83.406111	132
3eadb9a8-b8a2-4077-8ed0-4b89bbb61a09	PRIMULA MEADIA	1997.36438356164	41.889	-91.4436	133
adf2b7a7-5d49-4b55-9c09-73de3f1ba514	PRIMULA MEADIA	1969.38356164384	41.89428	-91.496367	140
07dcad42-4a1d-467c-aef9-b678e5f227c8	PRIMULA MEADIA	2005.79726027397	41.52914	-90.57678	291
eb83a46e-c7d0-43bc-94fe-7838c1144362	PRIMULA MEADIA	1997.32054794521	38.96975900000001	-76.946611	117
f1e71be7-d2cf-4c28-aa80-2bace9a47dc7	PRIMULA MEADIA	2006.37534246575	41.36502	-88.19125	137
fdda1b11-43fb-453e-9dd4-0131ea3ee426	PRIMULA MEADIA	1966.37534246575	39.506211	-77.652491	137
ec5ac7db-9ce8-46b8-aa2c-dc1e0f8221fd	PRIMULA MEADIA	1891.35616438356	41.562335	-90.55481	130
752be4dd-226d-4beb-92df-f64819d6efb6	PRIMULA MEADIA	1895.3397260274	41.562335	-90.55481	124
aea21ec5-b5b1-4996-990b-2917c97cfe10	PRIMULA MEADIA	1989.33698630137	35.968056	-86.447222	123
a564b09a-55de-4e3c-a779-66328dd97436	PRIMULA MEADIA	2007.21369863014	33.70777778	-87.39138889	78
6b766440-3985-4900-a48c-91671ebb210d	PRIMULA MEADIA	1997.28219178082	33.921485	-88.851593	103
e57551d0-0a98-4bbd-85c1-6f56aac977f3	PRIMULA MEADIA	2001.29315068493	38.7246	-88.77	107
4ae1d0d0-ab26-47f6-9369-6fe10b8cf156	PRIMULA MEADIA	1904.37158469945	41.907006	-91.503698	136
d76cd775-fa72-4d6d-a800-35c8059e2ea2	PRIMULA MEADIA	1981.39452054795	39.385268	-77.734023	144
4e9accde-1315-4b37-a503-928001859aad	PRIMULA MEADIA	1981.27671232877	36.228588	-91.446	101
a4666e82-d446-4253-854b-0ec4918bb8e4	PRIMULA MEADIA	2006.37260273973	41.38364	-88.19981	136
2f03bcd1-5f4b-431f-9c50-fd53ef5e0903	PRIMULA MEADIA	1981.44931506849	39.468609	-77.786081	164
5dbb4497-c69f-4095-ac19-194fe312a6e5	PRIMULA MEADIA	1965.35068493151	39.652865	-78.762518	128
b7d6977d-fc29-47f4-aacd-47e3405a1db7	PRIMULA MEADIA	1981.27671232877	36.210047	-91.41343	101
1d922341-2d51-43d5-9a7f-095ea5f6b476	PRIMULA MEADIA	1930.35342465753	38.994271	-77.174859	129
5ce5ed5c-0ca5-4068-bf01-507bbe429452	PRIMULA MEADIA	1965.3698630137	41.645906	-87.533313	135
2b5461a0-d6c5-43c3-b076-439e5bf161cf	PRIMULA MEADIA	1969.27671232877	34.411392	-86.69665	101
102e82e6-ee34-4c73-80bc-210f06188fab	PRIMULA MEADIA	1994.38356164384	35.8	-84.98	140
29c5da44-cb4c-409d-9d50-8aa3c4d99855	PRIMULA MEADIA	1935.3397260274	39.037222	-86.563056	124
14c52f9b-1964-4f10-a4b6-d36c5181fbc8	PRIMULA MEADIA	1974.39726027397	37.414248	-88.659905	145
a39cc8a6-4af7-482a-a726-d066f250566e	PRIMULA MEADIA	1981.27671232877	36.195532	-91.413821	101
278b380d-7c2c-47c6-97f0-785fa856e4f8	PRIMULA MEADIA	1968.35245901639	35.165972	-93.64069700000002	129
271e8aae-a742-43e0-a820-eff7546b05ef	PRIMULA MEADIA	1968.40983606557	36.066624	-93.308432	150
11329227-4616-4ae5-938e-99fe622c0581	PRIMULA MEADIA	2001.32876712329	34.478889	-97.027778	120
16a8491f-ad34-4e72-9879-4cea408fe453	PRIMULA MEADIA	1938.33150684932	39.177862	-79.111058	121
39d89979-2316-462b-b17f-b891a1ce043a	PRIMULA MEADIA	2017.37534246575	38.936333	-77.280617	137
6296aa45-f7da-459c-8266-3d4debdc8208	PRIMULA MEADIA	1964.33879781421	41.650176	-87.588074	124
c63b93ff-6c54-4436-a4ca-ba0ab65bc84c	PRIMULA MEADIA	1972.29234972678	36.95222	-90.99417	107
b2ad4afe-6598-4d92-94f7-a8371ba08a63	PRIMULA MEADIA	1927.30410958904	30.502095	-89.75221800000001	111
b105c65a-7fb7-4657-8738-056330e7b464	PRIMULA MEADIA	1931.93150684932	46.077996	-79.903824	340
d8e9b58f-57e9-4006-88e7-958210528374	PRIMULA MEADIA	2003.21917808219	33.2595	-87.40766667	80
c23c26c9-4832-4462-85e9-f6565e05c0a4	PRIMULA MEADIA	1964.35245901639	37.8953176054	-90.1954065655	129
7b37c0c4-a1b4-4a31-a6d5-c602b7b8a690	PRIMULA MEADIA	1969.36712328767	38.88794	-78.55168	134
8a590afc-7909-4a6c-9a7f-0c8ad112a716	PRIMULA MEADIA	1971.38356164384	37.697412	-94.82535	140
2b59425a-9ea1-44b7-b3e6-c90fa7f02ebb	PRIMULA MEADIA	1975.32328767123	37.22919	-96.31554	118
baf2010b-8eb3-467a-93ff-cb5790e7bdb4	PRIMULA MEADIA	1966.36712328767	38.693674	-94.593566	134
3dfc44d3-5eda-4c62-b39d-48aec7fc9478	PRIMULA MEADIA	1969.33150684932	38.88177	-78.56171	121
d28e519f-811b-46e9-93d7-1a6a117629db	PRIMULA MEADIA	1959.31506849315	36.9421537131	-90.9626865444	115
234ef4c3-e019-476a-b232-696b95fe3093	PRIMULA MEADIA	1959.29589041096	34.5035403493	-84.8756077757	108
d1fceddb-e751-421f-bd51-3167bd1b83a3	PRIMULA MEADIA	1953.31232876712	39.571193	-78.792663	114
9b23023f-21b1-40be-8ee6-2e6a99facd73	PRIMULA MEADIA	1948.41256830601	42.15391	-88.13619	151
218a1434-8a2c-45e7-b49f-6c72c247890d	PRIMULA MEADIA	1983.33698630137	34.688451	-97.59927000000002	123
bea84666-4b4d-4d8f-88f2-3a1e7b68c712	PRIMULA MEADIA	1983.35616438356	37.73171	-94.65454	130
eca0e5e7-ee75-49e6-9bf9-0854b0d55280	PRIMULA MEADIA	1999.3397260274	39.445748	-77.78301	124
01663083-ea79-4f76-9ba2-cb6aab84dd09	PRIMULA MEADIA	1922.3397260274	38.749999	-85.418913	124
9a8ebacf-4a15-46c0-8b10-846c2281edd2	PRIMULA MEADIA	1958.35890410959	35.808465	-95.196863	131
1e6d01ea-cf21-4096-81de-2f3554246bf0	PRIMULA MEADIA	1967.39178082192	37.054790000000004	-95.22897	143
fbfb6dfc-6537-4ef7-b7a1-99be58751a34	PRIMULA MEADIA	1982.29589041096	39.470151	-77.738073	108
b930b5f2-10f7-4ca3-b447-c5bd7044ee63	PRIMULA MEADIA	1994.27123287671	36.17	-93.39	99
3fafece2-2e28-4201-abed-ce2edc23ea45	PRIMULA MEADIA	1994.36712328767	37.3	-94.32	134
71fd44ac-7a05-4b45-81e4-f980cdd07724	PRIMULA MEADIA	1955.32876712329	37.30997	-94.91776	120
3be5a103-2fa4-4fad-b544-934363309ef6	PRIMULA MEADIA	1984.35792349727	37.73497	-94.644084	131
4e1bdad8-1a93-4bba-bbc4-cd2d4c3907fe	PRIMULA MEADIA	1991.26849315068	36.069049	-92.367431	98
c2eb2d38-e12d-4279-af81-4f118703bfdf	PRIMULA MEADIA	1994.34246575342	37.299747	-95.219797	125
b4b062d4-3457-4c5a-9f01-3d448788c93e	PRIMULA MEADIA	1964.35792349727	37.533432	-95.127596	131
cb9532af-c723-467d-b799-3f83ebb8b2dc	PRIMULA MEADIA	1956.30054644809	37.041808	-94.64297	110
18e288a1-ea1f-455d-bad6-f0303902f280	PRIMULA MEADIA	1955.32876712329	37.3596	-94.7695	120
4005c8bb-535e-43b4-844a-dd95f9995674	PRIMULA MEADIA	1993.42191780822	42.696974	-92.483201	154
6b6dab6c-e285-4b44-8357-8f94a7308860	PRIMULA MEADIA	1921.31232876712	39.013382	-86.544996	114
65d0ee0f-92a2-4a78-8b6c-bb5500fabd85	PRIMULA MEADIA	1927.44931506849	40.038065	-85.393537	164
5654eec2-1321-4634-a8cc-fd39d46b2683	PRIMULA MEADIA	1967.29589041096	38.2969580394	-93.2880503094	108
154f49e3-5fc5-48e6-a393-9bafe224fdbb	PRIMULA MEADIA	1964.32786885246	36.746405687	-93.4556401913	120
ade1d5f0-a1c7-4717-8e30-e6bc09114a55	PRIMULA MEADIA	1967.33150684932	37.8732	-94.8167	121
d6b3cc5f-2c5f-4b3a-b461-02c857742119	PRIMULA MEADIA	1916.34972677596	40.757698	-86.6386	128
119dc32e-25d6-42ef-82fc-dd31ca4eed58	PRIMULA MEADIA	1940.34153005464	38.657305	-86.806903	125
0bbf78e4-5a3f-419d-a0ad-2258fa625a5c	PRIMULA MEADIA	1982.33424657534	39.496092	-77.826039	122
685d1e9b-3732-4358-97be-59c73085baef	PRIMULA MEADIA	1969.34246575342	38.88166	-78.54336	125
ccabaa34-24a7-48e0-b444-c8b1f25aa34b	PRIMULA MEADIA	1913.38356164384	38.695167	-86.782699	140
171b190a-aa99-498e-bd71-64a9345aa377	PRIMULA MEADIA	1927.40821917808	41.377413	-86.896758	149
40fbab2b-e52d-4939-8078-bc63514600db	PRIMULA MEADIA	1968.35792349727	35.33384	-98.23696	131
a3cc7b33-4cd9-455f-a73f-5343b8f9528a	PRIMULA MEADIA	1958.38356164384	36.637319	-94.70769	140
262564d3-28f0-4a62-93e7-e9517c4d36a7	PRIMULA MEADIA	1969.35068493151	38.87313	-78.59671	128
c140396e-7ead-424d-9965-d4fccab58edd	PRIMULA MEADIA	1903.35890410959	40.610639	-85.367475	131
fa2042db-afc5-422a-aeec-50aeb1de8b82	PRIMULA MEADIA	1927.42191780822	40.693704	-87.431628	154
37525f8c-bb00-48a7-a529-7f2307ebce11	PRIMULA MEADIA	1956.32786885246	37.455861	-95.99479	120
e9ad9d4e-28c2-40ef-a227-008856e81cc2	PRIMULA MEADIA	1946.36438356164	40.765946	-87.379014	133
c2ca1500-b100-4ef3-9c13-0c3e7545b636	PRIMULA MEADIA	1900.40821917808	40.990992	-89.733261	149
de2ca971-8238-4e90-b935-38e858183b7b	PRIMULA MEADIA	1967.4	36.58562	-93.81575	146
bbd5bbe2-2639-4e7d-904e-19604305d2d8	PRIMULA MEADIA	1961.32054794521	39.162062538	-86.5234424953	117
a2e3da09-58bd-4262-9d46-c8cc01591eca	PRIMULA MEADIA	1953.35342465753	37.10771	-94.7514	129
8da58f00-4ab9-414a-a4a3-e6c7588eac27	PRIMULA MEADIA	1965.34794520548	37.26767	-95.70806	127
e0827d6b-8c80-46a2-b538-916f6c199145	PRIMULA MEADIA	1981.25753424658	34.7434808542	-88.2398393582	94
c230d5c8-a209-42b0-b4d0-0ed229ee030e	PRIMULA MEADIA	2001.32876712329	34.4788889	-97.0277778	120
5abcda58-688d-4cb9-9d65-53df3b0d2c8a	PRIMULA MEADIA	1921.33698630137	41.02755	-85.736801	123
ca329852-7575-48ef-a959-6265d05e0663	PRIMULA MEADIA	1919.31232876712	37.922283	-86.744346	114
14af1eea-b924-4b61-98bc-b50ea659440a	PRIMULA MEADIA	1916.44535519126	41.550969	-85.286255	163
1b76c9a9-36ae-4a25-ade8-9c1fa633fed3	PRIMULA MEADIA	1913.45479452055	39.436619	-85.613134	166
8563c691-78e9-42ca-b6a7-83e2f85879fb	PRIMULA MEADIA	1997.32054794521	37.62551	-94.833576	117
1eecf17b-a97b-4c8e-89bc-ac909a3b3012	PRIMULA MEADIA	1975.32328767123	37.61168	-95.99315	118
b7e2317f-b2fd-4edd-9c7f-81fb567178dc	PRIMULA MEADIA	1987.30684931507	38.047868	-93.988329	112
8d2ccb4b-5782-4c1e-a892-0fa9d2065127	PRIMULA MEADIA	1897.35068493151	38.9689	-77.1428	128
ea1d2f8b-631e-4ced-8fbe-1bf5f94db68d	PRIMULA MEADIA	1972.34972677596	36.92694	-90.98889	128
03421487-77b6-44b9-91a6-96c3791e3db9	PRIMULA MEADIA	1937.52876712329	37.3167	-95.7	193
4af5cd85-2e8a-4159-a1da-d1295485f82d	PRIMULA MEADIA	1920.43442622951	41.090301	-86.233573	159
2c8a2848-dedc-4fcd-a52d-cf0006eb22a6	PRIMULA MEADIA	1950.38356164384	39.539969	-85.14373	140
f52630c7-c337-47ca-8ed0-8e8eac0a4eaf	PRIMULA MEADIA	1916.47540983607	38.298573	-86.327858	174
935dc0af-8065-42b4-9715-b6b60115f45c	PRIMULA MEADIA	1979.40273972603	41.104703	-86.200389	147
9a784ac9-6e17-4336-aa9e-9e2d0f44fc65	PRIMULA MEADIA	1982.32876712329	39.58704	-78.460753	120
19112e60-ec7d-422f-8054-89791d6376ee	PRIMULA MEADIA	1996.3825136612	37.3	-94.32	140
6587b829-490d-4377-810f-fed7c0cd7d48	PRIMULA MEADIA	1967.28493150685	36.02966	-94.217358	104
e73de0e3-0630-4d3e-9206-5564bfa6578c	PRIMULA MEADIA	1966.36438356164	38.05029100000001	-93.983815	133
0aeaf3e8-692a-4a20-9c78-c1fe5625a778	PRIMULA MEADIA	1965.34794520548	37.26767	-95.70806	127
ed91d12b-de8c-4ed7-8dc0-ec456cdc3a5b	PRIMULA MEADIA	1961.38082191781	40.7616391017	-86.3469365255	139
c7ccbc05-7cc8-4de7-b26c-272f6ddb5677	PRIMULA MEADIA	1917.46575342466	41.26172	-85.55334	170
4aa3c512-ec05-4298-8a53-a7ea110c0c9e	PRIMULA MEADIA	1928.37704918033	40.725448	-85.99571	138
9a839f69-8fcd-4b9b-8d35-6f6f0c93f742	PRIMULA MEADIA	1994.27123287671	36.17	-93.39	99
c8328ad0-0694-4eda-be9a-064723f91c08	PRIMULA MEADIA	1996.39071038251	36.5	-94.36	143
05bbb6f3-6f9e-4c32-b818-b2411d41623d	PRIMULA MEADIA	1972.34699453552	36.92694	-90.98889	127
12ee1e34-b1db-4580-a2e7-726c962efdd3	PRIMULA MEADIA	1956.32786885246	37.455971	-95.994794	120
9657892a-9a9a-4eec-811b-a8dffebd8660	PRIMULA MEADIA	1897.32054794521	38.9689	-77.1428	117
0229a413-124b-4ecc-b4a4-1d4553a36d0a	PRIMULA MEADIA	1971.38356164384	37.72209	-94.82616	140
21620474-7cac-44a9-9d19-1513ebf63c20	PRIMULA MEADIA	1958.46849315068	39.508404	-86.434979	171
a54a8bce-8935-467d-88e7-3ec1a2e9c80b	PRIMULA MEADIA	1917.37260273973	40.478395	-86.877304	136
0f4aa842-0e80-4753-a7fd-22eed89c95b4	PRIMULA MEADIA	1924.51639344262	41.02263	-86.891963	189
b7e96135-d64a-43ab-b237-61d492342b13	PRIMULA MEADIA	1952.37978142077	42.497885	-88.074284	139
ea213714-3beb-4409-a4d1-26ebbb7e596e	PRIMULA MEADIA	1970.4301369863	37.720363	-94.776169	157
a0c7c4f8-fa9a-4a29-a830-12c6be8c0a7b	PRIMULA MEADIA	1958.37534246575	36.961624	-94.782394	137
4ddd64eb-dbdc-45a3-9847-2a8a073ee7cd	PRIMULA MEADIA	1953.36164383562	37.45189	-94.65333	132
884ad391-e7b9-4b45-a8b9-9fc0648aad5e	PRIMULA MEADIA	1994.27123287671	36.17	-93.39	99
540e0bfd-a6ee-454c-b96c-e85d2381bb9b	PRIMULA MEADIA	1998.27671232877	37.5	-94.18	101
7b17cb3a-1f41-49ef-acbe-76a29aebfec3	PRIMULA MEADIA	1986.35068493151	38.447221	-85.643586	128
32ca8259-508a-4b48-bb82-ed948321db3b	PRIMULA MEADIA	1948.28142076503	32.788545	-97.411031	103
52967da5-5978-44a2-82c4-9c01cbe188ff	PRIMULA MEADIA	1962.33150684932	37.1739860868	-80.3890707683	121
4c4b7fed-20ad-441b-93db-0a8509f9d1b8	PRIMULA MEADIA	1957.36164383562	41.037123	-85.770435	132
e380f25d-17ce-4288-ac92-e7bee70f58f4	PRIMULA MEADIA	1877.34246575342	40.419054	-86.878377	125
c7cd498e-19e3-4d04-861c-f011007b1f13	PRIMULA MEADIA	1962.35342465753	39.469506	-85.553378	129
3e478a8a-b724-4d51-81a8-57c1e14375e9	PRIMULA MEADIA	1964.35792349727	37.533432	-95.127596	131
6dd5b1a2-55e9-4d02-ab6d-54e0fdd87e57	PRIMULA MEADIA	1965.34794520548	37.26767	-95.70806	127
5be9ea81-d539-4f8b-a314-0fb19261ecb0	PRIMULA MEADIA	1895.31232876712	38.9689	-77.1428	114
a730d6b5-7865-4a8e-a80b-b68302ef509a	PRIMULA MEADIA	1971.38356164384	37.68584	-94.87179	140
c60fe9b8-7527-481a-811f-bf3219d5f4d7	PRIMULA MEADIA	1985.33698630137	36.97103	-94.652857	123
9020ae4a-0a96-4e4a-aaf5-4218fd1d84ba	PRIMULA MEADIA	1983.35616438356	37.178516	-94.641391	130
7c0499f6-c80d-4b5a-984c-d4aae33ecf15	PRIMULA MEADIA	1895.31232876712	38.9689	-77.1428	114
c91005df-e875-4f14-8a66-6989e2ac4764	PRIMULA MEADIA	1982.38904109589	40.499612	-85.501102	142
5560402d-4a47-448e-b0e6-e249704ad4da	PRIMULA MEADIA	1922.34794520548	38.43247	-85.614619	127
2e05f436-aac6-4665-a51b-13c9752950ba	PRIMULA MEADIA	1981.36712328767	39.1317	-77.5278	134
34ad8e22-ab63-4cc5-a7bf-34eed29cb523	PRIMULA MEADIA	1883.37534246575	38.9264	-77.0111	137
64114e23-931d-4779-aa01-b8498a7665c5	PRIMULA MEADIA	1989.34520547945	37.670924	-92.185167	126
ac645c3c-db0b-441c-b1d6-9c614741629d	PRIMULA MEADIA	1962.27671232877	33.543634	-81.996091	101
b93a0879-3db5-44f8-bb6d-fb2586ccf8e3	PRIMULA MEADIA	1970.35068493151	37.71667	-94.77505	128
4f53a364-9f09-42e6-8b26-2908807047ea	PRIMULA MEADIA	1969.4	37.70776	-94.82582	146
ac785362-b6bd-4a9b-b5e7-2618db5d9ae8	PRIMULA MEADIA	1917.36712328767	40.21856	-87.336123	134
f9de8f51-79d1-4e38-b518-724b74622b6f	PRIMULA MEADIA	2008.22950819672	34.0322222222	-86.87138888890001	84
1a205444-00b7-40b7-8598-2f789404354d	PRIMULA MEADIA	1922.30684931507	37.1700130982	-94.8461311409	112
3e7c249e-0ae1-4b71-b5a3-dfe53cf7282b	PRIMULA MEADIA	1863.42191780822	41.85003	-87.65005	154
6a97ebf6-0215-4633-b80c-468253574bdf	PRIMULA MEADIA	1963.41643835616	42.028877	-88.01406	152
e40aa4c7-ada3-4463-b0f7-6cf7f9da6819	PRIMULA MEADIA	1955.32602739726	37.30997	-94.91776	119
c1964800-8a3d-460e-914b-e3ecd81f7e19	PRIMULA MEADIA	1955.32876712329	37.30997	-94.91776	120
9a11c4f9-1f76-4f8f-adec-ac8a5ee65cc7	PRIMULA MEADIA	1958.3698630137	35.811992000000004	-95.196633	135
6b1f6246-2384-4c89-8aa7-b7c0cb533f73	PRIMULA MEADIA	1935.36164383562	38.0782823995	-86.6379040052	132
562e99fd-fe2e-43fa-86a0-e76c6ff047bc	PRIMULA MEADIA	1951.34520547945	34.932913	-85.229261	126
fd294ea8-4ffb-4a93-b9e5-4a7d5ba9c9a5	PRIMULA MEADIA	1874.38082191781	38.9264	-77.0111	139
bb5499cd-20de-4f4d-beb8-6c9a5f1f533e	PRIMULA MEADIA	1937.11506849315	37.64556	-91.53583	42
74e3fa9a-dcb9-4839-a4c4-c7306dbd0aed	PRIMULA MEADIA	1968.34426229508	35.99337	-92.42185000000002	126
10a37be7-33d7-49eb-bc9b-98306138a887	PRIMULA MEADIA	1994.27123287671	36.17	-93.39	99
3b4e31e6-6b39-4c42-8a63-54028d90738d	PRIMULA MEADIA	1996.39890710383	37.3	-94.32	146
7eb74595-17a8-436c-9699-7cbed04bb93b	PRIMULA MEADIA	2001.32876712329	34.4788889	-97.0277778	120
35263b29-08af-490d-bb93-8e9d9a57d692	PRIMULA MEADIA	1982.3698630137	39.595652	-77.942498	135
4d288abd-bdd9-4919-a10c-4ff5f079c903	PRIMULA MEADIA	1914.41369863014	41.150194	-85.314575	151
e57e384f-91e3-43cd-bf4d-3a437c99e3df	PRIMULA MEADIA	1913.37534246575	39.013382	-86.544996	137
e297275c-ff96-44f3-b57f-ee27f0e0ea57	PRIMULA MEADIA	1983.35616438356	37.62731	-94.73686	130
4b0728c0-ac64-4c7e-99a9-77abee9d255b	PRIMULA MEADIA	1970.33698630137	37.721544	-94.773218	123
2cc29dbd-82a5-4868-9020-f6571f3cc2dc	PRIMULA MEADIA	1970.34794520548	37.15747	-92.84959	127
de86135f-d45e-4d0c-8eb6-037b0d9d7528	PRIMULA MEADIA	1959.29589041096	34.5035403493	-84.8756077757	108
8ac9db35-78a7-4e05-8f18-3b96a3b2570f	PRIMULA MEADIA	1947.35616438356	36.37118	-91.82265	130
e0a7d725-d32b-419e-83ef-1911bbbcd16c	PRIMULA MEADIA	1952.36885245902	37.61669	-94.78009	135
98832094-6645-493b-aa3c-976452657947	PRIMULA MEADIA	1922.32602739726	40.185743	-85.461672	119
2f2c295d-9959-46a1-b2de-011b6205f9f9	PRIMULA MEADIA	1991.26849315068	35.97865500000001	-92.48212500000001	98
5b8a70a7-4dfe-4c42-9edf-192d183e9d45	PRIMULA MEADIA	1959.29863013699	34.131371	-94.689092	109
7faeb039-8d43-4a16-8c07-81a0569935aa	PRIMULA MEADIA	1953.29863013699	39.1011	-77.4775	109
b71e7d1b-93b2-4f0f-8bd4-c6238d9a7819	PRIMULA MEADIA	1917.3698630137	40.344964	-87.300816	135
d2f0f54e-1015-44db-9cc0-3f804e3fe205	PRIMULA MEADIA	1934.39178082192	41.673008	-86.254179	143
f680bee0-3c5e-4b8b-9d2f-16495d8deb7d	PRIMULA MEADIA	1930.30136986301	39.347892	-86.653729	110
d4f0ced3-c38d-4106-9442-a76243eea783	PRIMULA MEADIA	1989.36438356164	37.763092	-94.975981	133
1e8fa5bd-4d2b-460f-beaa-aabef6ddd4e0	PRIMULA MEADIA	1994.33698630137	37.46000000000001	-94.49	123
d007a23d-0c2c-439c-8b1a-f61c25865d04	PRIMULA MEADIA	1902.33698630137	37.626439	-89.497874	123
13b3f553-e70c-412d-a50d-54a214cacb2a	PRIMULA MEADIA	1967.32328767123	38.2184645713	-92.4287063801	118
d8dfa3cb-e55c-4df5-a4c3-e8161e785f95	PRIMULA MEADIA	1955.33150684932	37.86776	-94.94928	121
4bf75d5e-8ad6-4c7e-9369-9079db0357e7	PRIMULA MEADIA	1955.33150684932	37.86776	-94.94928	121
070646ed-2bb5-45f7-9382-be808abd4c9a	PRIMULA MEADIA	1958.37534246575	36.871157	-94.804664	137
35eee9fe-7803-4e57-8718-ef528df317f8	PRIMULA MEADIA	1968.31420765027	36.132911	-95.930977	115
0e22761e-e249-4889-817e-c82e0f69190f	PRIMULA MEADIA	1953.40821917808	41.46902	-91.704972	149
a89e24f7-9e7d-4a16-b983-1f080f2e16ab	PRIMULA MEADIA	1963.41643835616	42.028877	-88.01406	152
9cb89a0f-b6e0-4695-bc3c-ce71d0d3ec32	PRIMULA MEADIA	1942.35342465753	35.166722	-93.643255	129
0d311682-049d-4f03-b2b8-af3805ab8c70	PRIMULA MEADIA	1996.39890710383	37.3	-94.32	146
75939a94-8d84-4a1a-ba9b-d180ea2b47c0	PRIMULA MEADIA	1978.47397260274	37.30526	-95.71554	173
1d1669df-940b-4471-863a-48075b897dc5	PRIMULA MEADIA	1957.40273972603	37.30526	-95.71554	147
0edd0505-764c-4353-b4b5-86ff67534b0c	PRIMULA MEADIA	1953.35342465753	37.10771	-94.7514	129
3cfd7e71-f2cc-44ba-b5de-b8c257fbb4d1	PRIMULA MEADIA	1958.3698630137	35.647085	-94.676395	135
5bfc2f85-0d27-4bb5-86a3-9cf4f586dabe	PRIMULA MEADIA	1958.3698630137	35.808465	-95.196863	135
412683d7-56f8-42e9-b772-cc2074d0310d	PRIMULA MEADIA	1901.43835616438	38.9464	-77.1592	160
f8e9910f-ca85-45a9-94c1-68bbc4505bf3	PRIMULA MEADIA	1954.3698630137	42.3671133866	-90.2119794559	135
d42fae9c-1ee4-46d4-88ba-657f545cea6f	PRIMULA MEADIA	1972.34972677596	36.92694	-90.98889	128
f05c503d-06fb-4b83-8839-ad7f8b4bf326	PRIMULA MEADIA	1881.33150684932	38.895112	-77.036366	121
795049d1-8527-4a3b-9ebe-eabeed8f0f40	PRIMULA MEADIA	1994.27123287671	36.17	-93.39	99
6bee88d5-b0e4-467f-8aa5-4620349f3175	PRIMULA MEADIA	1969.32876712329	38.89628	-78.50584	120
c85241ac-0cec-4e26-b80d-0ce2a7b13fc9	PRIMULA MEADIA	1948.28142076503	32.788013	-97.441212	103
830bbe0b-ca2b-4617-be87-0e7d9a333944	PRIMULA MEADIA	1989.36438356164	37.760366	-95.104297	133
7f692945-2b16-4714-ae35-0135a2e51e4a	PRIMULA MEADIA	1937.35616438356	37.9115	-94.61742	130
64a7828c-5e97-44a3-af32-82936451249e	PRIMULA MEADIA	1910.27397260274	39.815919	-86.952809	100
b0e7cd5f-2aa0-4c95-a840-9fc525d499bd	PRIMULA MEADIA	1917.43561643836	38.72839	-86.415811	159
99c5df46-24d7-49d5-a362-055315374cf6	PRIMULA MEADIA	1941.36164383562	36.842882	-86.789445	132
74333a40-0b36-48e9-91bb-1a88ccc3d487	PRIMULA MEADIA	1968.32240437158	34.55372	-94.3391	118
e7e1c73e-ad7f-4a44-914c-a30ed1981682	PRIMULA MEADIA	1964.31693989071	36.9335576437	-92.4969654181	116
0ce5c2a0-ae16-4eb5-af4c-dcd51521f903	PRIMULA MEADIA	1950.3397260274	37.617778	-94.827778	124
d9cdc563-1664-4000-986d-650418e47e9e	PRIMULA MEADIA	1970.34794520548	37.15747	-92.84959	127
cf37e953-f035-47b9-b438-972cd8e54fc5	PRIMULA MEADIA	1994.35068493151	38.542031	-94.964632	128
2aaa6998-06a0-4a45-91bd-34576a9d36be	PRIMULA MEADIA	1981.30684931507	37.178516	-94.641391	112
6c3120fd-d220-4d62-911f-4e8fa082fa5a	PRIMULA MEADIA	1947.44109589041	42.1103	-88.03424000000001	161
028a80ac-ab24-41b3-a6a5-4bd40e2bb80c	PRIMULA MEADIA	1895.38082191781	38.9711	-77.0767	139
2b32285b-9705-4287-94ae-c3b614ba0207	PRIMULA MEADIA	1968.32240437158	34.55372	-94.3391	118
6a1b7c45-b8e2-430f-9293-8ff84b5b1ddc	PRIMULA MEADIA	1955.40547945205	35.215466466	-93.717373977	148
1e5da2a3-1201-4a49-9e78-77e1390350e3	PRIMULA MEADIA	1922.35890410959	38.018128	-86.111555	131
4d1ccea0-f503-4d90-9dd0-50d089a18320	PRIMULA MEADIA	1966.32602739726	38.76194	-93.390144	119
8e9ca934-aa60-4831-817f-272ef236851f	PRIMULA MEADIA	2006.39452054795	38.8213	-92.1379	144
a8fe0a1f-e070-4627-8ede-ea7faaf5c5f1	PRIMULA MEADIA	1926.32602739726	36.7101634623	-93.8284436816	119
22ee621b-e274-41dc-bf05-a43c9724a0b0	PRIMULA MEADIA	1984.31693989071	34.4419523588	-87.8436009892	116
022948ed-54b0-43d0-8dab-656585ae1d6e	PRIMULA MEADIA	1991.26575342466	36.060189	-93.197106	97
e8ee5cc5-ac0a-47e6-bf14-15d199cbf583	PRIMULA MEADIA	1995.32328767123	37.59	-92.39	118
8c0bcf15-d14b-4dc0-8cbd-0b901c0f7a41	PRIMULA MEADIA	1921.31780821918	39.013382	-86.544996	116
75a7200a-4b8c-4357-b621-8cc28d1d59fb	PRIMULA MEADIA	1960.37158469945	37.83959	-94.91025	136
6163851e-62ef-4919-b48a-aa2fa101fec2	PRIMULA MEADIA	1997.3397260274	36.558582	-93.836947	124
c413c05c-4473-43d3-ad60-9a8e7d5d88b6	PRIMULA MEADIA	1903.30410958904	38.9689	-77.1428	111
6b23ffa2-4b48-4f9c-a3aa-7d391943f6bd	PRIMULA MEADIA	1980.2650273224	33.2898793587	-87.5248092004	97
baa5717f-c7ef-48d7-89e4-6a71b09c0f8e	PRIMULA MEADIA	1946.26575342466	34.441515	-97.20831600000001	97
67cc6e1f-8cf5-4a5f-901a-29afb017d1dd	PRIMULA MEADIA	1994.31232876712	37.02	-94.4	114
a2b3a381-3bbe-4077-b467-4ae1c821d500	PRIMULA MEADIA	1912.43715846995	39.287642	-86.713325	160
f732a909-6438-4e1e-b178-82bae88fedf5	PRIMULA MEADIA	1912.32513661202	39.005282	-85.602128	119
6a00f456-cf4c-424f-b1ce-a8b0fdc56874	PRIMULA MEADIA	1935.3397260274	39.162062538	-86.5234424953	124
248b5106-215a-4d8f-9dc2-1e0d992d0c7a	PRIMULA MEADIA	1957.24657534247	33.7725702473	-81.9665978979	90
001d9b4d-5002-4446-8def-1130133725cf	PRIMULA MEADIA	1966.36712328767	38.646161528200004	-94.355834767	134
3faca86c-359a-43a1-a742-80381168c322	PRIMULA MEADIA	2009.23287671233	32.4664722	-83.5604194	85
7fd7c351-10bf-4491-84c8-5a2eb6ef49d1	PRIMULA MEADIA	1916.42349726776	41.618462	-87.12607	155
dd308db2-564e-4c47-b3e0-538525adb729	PRIMULA MEADIA	1916.42896174863	41.503798	-87.323774	157
3129c32e-33b5-4b20-a2cd-657d95abaa7f	PRIMULA MEADIA	1924.39890710383	39.390292	-85.011145	146
6e34e7a3-d712-4993-9e64-3c0ceac49500	PRIMULA MEADIA	1955.32876712329	37.3596	-94.7695	120
e9b3e085-c493-42ac-8adb-fb190a47dff5	PRIMULA MEADIA	1956.32786885246	37.455971	-95.994794	120
e273b9c3-ccd7-4c3a-b5ab-e3f17e259324	PRIMULA MEADIA	1901.45753424658	40.610639	-85.367475	167
e994003c-62df-4a7a-9159-f033b5cd3264	PRIMULA MEADIA	1958.35890410959	35.811992000000004	-95.196633	131
557a4645-77be-4187-aef1-90d7bd4ba3ad	PRIMULA MEADIA	1978.3095890411	36.8943772731	-87.4901478198	113
6aef970b-6bbc-4a29-9b2c-734a7df2d4b8	PRIMULA MEADIA	1996.39890710383	37.3	-94.32	146
34e9550e-706c-41b8-8b67-3ba09fc70253	PRIMULA MEADIA	1969.32876712329	33.4464512619	-94.4242812509	120
fa6066ca-6181-4e63-854f-9d96e0eb9581	PRIMULA MEADIA	1965.33424657534	34.5223360209	-87.3109130726	122
4db0e44e-242c-41a4-b9e6-ec233aad391f	PRIMULA MEADIA	1929.35890410959	39.037101	-86.563551	131
914c6efb-1068-4f8a-816c-776985f6bf42	PRIMULA MEADIA	1935.31506849315	42.865776	-88.072101	115
59d87a26-4395-4634-aebe-e31bf22158bc	PRIMULA MEADIA	2011.38630136986	37.916667	-94.65	141
fdf2d340-af3b-4e7b-9976-1b855300b690	PRIMULA MEADIA	1998.27671232877	37.5	-94.18	101
c7b6da01-7226-46d7-b56a-94499052293b	PRIMULA MEADIA	1992.31420765027	36.042655	-92.283305	115
b2b46961-0f27-459f-a769-9eb1a06624b3	PRIMULA MEADIA	1996.39890710383	37.3	-94.32	146
dd087968-f2b4-4012-bef3-61b3e9be0f74	PRIMULA MEADIA	1907.34246575342	39.493659	-86.396661	125
fef7098d-de5f-4d92-a610-9b0a6351d5ee	PRIMULA MEADIA	1934.33698630137	38.783946	-85.536614	123
3ee2a315-416f-4237-bff3-2755dbc29f4c	PRIMULA MEADIA	1982.32054794521	37.72227	-94.8533	117
22d62ae2-b9da-4388-bafd-5639390bed69	PRIMULA MEADIA	1978.38904109589	42.899451	-92.347242	142
3cbf5408-6c72-4dfe-9884-bdcd72874fae	PRIMULA MEADIA	1956.32786885246	37.455861	-95.99479	120
03334e5c-b94b-4767-b48a-4d0715f2dbd9	PRIMULA MEADIA	1991.32876712329	37.751646	-94.85518	120
68c8d3e4-1d94-4eaf-9be4-5f1ab9957e44	PRIMULA MEADIA	1970.29589041096	35.473401	-87.467849	108
849c8076-77f3-4d6e-b5ca-6cc572cc95fe	PRIMULA MEADIA	1958.3698630137	35.608482	-94.676163	135
c7242dd3-30f7-4504-a871-f1742c4be7fb	PRIMULA MEADIA	1913.39452054795	40.288598	-86.162161	144
89c14fb0-8b59-40ab-b59a-976b5f28483b	PRIMULA MEADIA	1917.3095890411	39.891643	-87.181302	113
544df097-a38f-469f-b519-5bf07ec57ebf	PRIMULA MEADIA	1920.42076502732	41.257429	-85.82322	154
9214dd10-a35f-4b93-9fe1-10bc07a2734f	PRIMULA MEADIA	1932.29234972678	38.749999	-85.418913	107
e0c8421f-565a-4ee8-bc7d-e6641315cee4	PRIMULA MEADIA	1953.31506849315	39.967575	-87.200758	115
03c556c9-ce78-4419-a19a-fba238b86e50	PRIMULA MEADIA	1982.29863013699	37.30888	-95.71554	109
41050a2e-387f-40fa-95e9-97753b1aaa01	PRIMULA MEADIA	1928.34426229508	36.17396	-94.62725	126
7f43acbf-1286-440d-970c-337b8c0f1c41	PRIMULA MEADIA	1937.52876712329	37.327008	-95.715536	193
2e2c82d8-913a-4bd1-b652-35041bba3703	PRIMULA MEADIA	1955.40547945205	35.167283	-93.644972	148
01eb42a8-85d7-42ce-83ab-881478521364	PRIMULA MEADIA	1972.34972677596	36.92694	-90.98889	128
6208862c-e64e-40b8-b0fa-c8b3117f324d	PRIMULA MEADIA	2008.38524590164	38.09602	-94.67138	141
45cd8f9c-b3e9-4dad-ac15-0ea85f0984b5	PRIMULA MEADIA	1902.37808219178	38.9464	-77.1592	138
b86ef6c0-2af6-473d-8473-612e3764fd03	PRIMULA MEADIA	1952.47540983607	38.7967	-77.4661	174
0257f974-d0e4-484d-bfde-ab0d01327e6a	PRIMULA MEADIA	1948.33333333333	36.143139	-94.782381	122
8d32ea8e-ef66-4f23-8600-062e5ba86ff5	PRIMULA MEADIA	1945.33424657534	39.03727	-86.563052	122
e883ebce-a01d-46b0-898f-96b31575af8a	PRIMULA MEADIA	1970.35068493151	37.71667	-94.77505	128
77dd227f-4ba8-46aa-b889-8c5194543507	PRIMULA MEADIA	1971.40273972603	37.71668	-94.93085	147
c7dd7fbc-0530-4ae8-ac39-94fa60ff4432	PRIMULA MEADIA	1994.27123287671	36.17	-93.39	99
ead2ce73-ab81-4639-85c7-2bb604f3a8cb	PRIMULA MEADIA	1920.43442622951	41.186063	-86.402892	159
7687ed5e-d1e1-4bd5-9b8e-f6b94d94cd62	PRIMULA MEADIA	1927.30410958904	38.077388	-87.93164	111
c4c71bfa-7319-451f-bd5c-7600a8ddd0f5	PRIMULA MEADIA	1938.29589041096	37.902266	-84.364509	108
57857286-c825-4a65-9ad4-556a51e7116f	PRIMULA MEADIA	1994.3397260274	37.30169300000001	-95.181766	124
3993ce60-a3ac-407e-b1e4-5c835b0a40e8	PRIMULA MEADIA	1953.35342465753	37.778222	-94.630401	129
bd656e11-c41b-45ce-9e70-b400e8060af0	PRIMULA MEADIA	1993.38630136986	37.67916	-95.19799	141
04ca74a7-832b-4f92-8864-a0dfaeebb316	PRIMULA MEADIA	1985.32602739726	42.696659	-92.480926	119
